<?xml version="1.0" encoding="UTF-8"?>
<resourceDescriptor critical="false" date="2013-12-21" description="SSCAE Project Usage Integrity Checker Plugin" homePage="https://jplwiki.jpl.nasa.gov:8443/display/MBSECoP/SSCAE+Project+Usage+Integrity+Checker" id="75319" mdVersionMax="higher" mdVersionMin="17.0.2" name="SSCAE Project Usage Integrity Checker" product="SSCAE MagicDraw Toolkit" type="Plugin">
  <version human="17.0.5" resource="170500" internal="1705000"/>
  <provider email="nicolas.f.rouquette@jpl.nasa.gov" homePage="https://jplwiki.jpl.nasa.gov:8443/display/MBSECoP/SSCAE+Project+Usage+Integrity+Checker" name="Jet Propulsion Laboratory, Caltech"/>
  <edition>Reader</edition>
  <edition>Community</edition>
  <edition>Standard</edition>
  <edition>Professional Java</edition>
  <edition>Professional C++</edition>
  <edition>Professional C#</edition>
  <edition>Professional ArcStyler</edition>
  <edition>Professional EFFS ArcStyler</edition>
  <edition>OptimalJ</edition>
  <edition>Professional</edition>
  <edition>Architect</edition>
  <edition>Enterprise</edition>
  <requiredResource id="1440">
    <minVersion human="17.0" internal="169010"/>
  </requiredResource>
  <installation>
    <file from="profiles/MagicDrawProjectUsageIntegrityProfile.mdzip" to="profiles/MagicDrawProjectUsageIntegrityProfile.mdzip"/>
	<file from="plugins/gov.nasa.jpl.magicdraw.projectUsageIntegrity/logTraceContracts/diagramProxyUsageMonitor.txt" to="plugins/gov.nasa.jpl.magicdraw.projectUsageIntegrity/logTraceContracts/diagramProxyUsageMonitor.txt"/>
    <file from="plugins/gov.nasa.jpl.magicdraw.projectUsageIntegrity/MDTeamworkProjectIDSuffices.txt" to="plugins/gov.nasa.jpl.magicdraw.projectUsageIntegrity/MDTeamworkProjectIDSuffices.txt"/>
    <file from="plugins/gov.nasa.jpl.magicdraw.projectUsageIntegrity/runOpenAuditTests.ant" to="plugins/gov.nasa.jpl.magicdraw.projectUsageIntegrity/runOpenAuditTests.ant"/>
    <file from="plugins/gov.nasa.jpl.magicdraw.projectUsageIntegrity/runOpenAuditTests.README.txt" to="plugins/gov.nasa.jpl.magicdraw.projectUsageIntegrity/runOpenAuditTests.README.txt"/>
    <file from="plugins/gov.nasa.jpl.magicdraw.projectUsageIntegrity/lib/commons-exec-1.1.jar" to="plugins/gov.nasa.jpl.magicdraw.projectUsageIntegrity/lib/commons-exec-1.1.jar"/>
    <file from="plugins/gov.nasa.jpl.magicdraw.projectUsageIntegrity/lib/jgrapht-0.8.3-jdk1.6.jar" to="plugins/gov.nasa.jpl.magicdraw.projectUsageIntegrity/lib/jgrapht-0.8.3-jdk1.6.jar"/>

    <file from="plugins/gov.nasa.jpl.magicdraw.projectUsageIntegrity/icons/INCONSISTENT.png" to="plugins/gov.nasa.jpl.magicdraw.projectUsageIntegrity/icons/INCONSISTENT.png"/>
	
	<file from="plugins/gov.nasa.jpl.magicdraw.projectUsageIntegrity/icons/DEPRECATED.png" to="plugins/gov.nasa.jpl.magicdraw.projectUsageIntegrity/icons/DEPRECATED.png"/>
	<file from="plugins/gov.nasa.jpl.magicdraw.projectUsageIntegrity/icons/DEPRECATED-WARNING.png" to="plugins/gov.nasa.jpl.magicdraw.projectUsageIntegrity/icons/DEPRECATED-WARNING.png"/>
	<file from="plugins/gov.nasa.jpl.magicdraw.projectUsageIntegrity/icons/DEPRECATED-ERROR.png" to="plugins/gov.nasa.jpl.magicdraw.projectUsageIntegrity/icons/DEPRECATED-ERROR.png"/>

    <file from="plugins/gov.nasa.jpl.magicdraw.projectUsageIntegrity/icons/INCUBATOR.png" to="plugins/gov.nasa.jpl.magicdraw.projectUsageIntegrity/icons/INCUBATOR.png"/>
	<file from="plugins/gov.nasa.jpl.magicdraw.projectUsageIntegrity/icons/INCUBATOR-WARNING.png" to="plugins/gov.nasa.jpl.magicdraw.projectUsageIntegrity/icons/INCUBATOR-WARNING.png"/>
	<file from="plugins/gov.nasa.jpl.magicdraw.projectUsageIntegrity/icons/INCUBATOR-ERROR.png" to="plugins/gov.nasa.jpl.magicdraw.projectUsageIntegrity/icons/INCUBATOR-ERROR.png"/>

    <file from="plugins/gov.nasa.jpl.magicdraw.projectUsageIntegrity/icons/RECOMMENDED.png" to="plugins/gov.nasa.jpl.magicdraw.projectUsageIntegrity/icons/RECOMMENDED.png"/>
	<file from="plugins/gov.nasa.jpl.magicdraw.projectUsageIntegrity/icons/RECOMMENDED-WARNING.png" to="plugins/gov.nasa.jpl.magicdraw.projectUsageIntegrity/icons/RECOMMENDED-WARNING.png"/>
	<file from="plugins/gov.nasa.jpl.magicdraw.projectUsageIntegrity/icons/RECOMMENDED-ERROR.png" to="plugins/gov.nasa.jpl.magicdraw.projectUsageIntegrity/icons/RECOMMENDED-ERROR.png"/>

	<file from="plugins/gov.nasa.jpl.magicdraw.projectUsageIntegrity/samples/ProjectUsageIntegrityChecker/P1_DEPRECATED.mdzip" to="plugins/gov.nasa.jpl.magicdraw.projectUsageIntegrity/samples/ProjectUsageIntegrityChecker/P1_DEPRECATED.mdzip"/>
	<file from="plugins/gov.nasa.jpl.magicdraw.projectUsageIntegrity/samples/ProjectUsageIntegrityChecker/P2_DEPRECATED_constrains_INCUBATOR_as_ERROR.mdzip" to="plugins/gov.nasa.jpl.magicdraw.projectUsageIntegrity/samples/ProjectUsageIntegrityChecker/P2_DEPRECATED_constrains_INCUBATOR_as_ERROR.mdzip"/>
	<file from="plugins/gov.nasa.jpl.magicdraw.projectUsageIntegrity/samples/ProjectUsageIntegrityChecker/P3_INCUBATOR.mdzip" to="plugins/gov.nasa.jpl.magicdraw.projectUsageIntegrity/samples/ProjectUsageIntegrityChecker/P3_INCUBATOR.mdzip"/>
	<file from="plugins/gov.nasa.jpl.magicdraw.projectUsageIntegrity/samples/ProjectUsageIntegrityChecker/P4_excludes_P1.mdzip" to="plugins/gov.nasa.jpl.magicdraw.projectUsageIntegrity/samples/ProjectUsageIntegrityChecker/P4_excludes_P1.mdzip"/>
	<file from="plugins/gov.nasa.jpl.magicdraw.projectUsageIntegrity/samples/ProjectUsageIntegrityChecker/P5_uses_P1,P4.mdzip" to="plugins/gov.nasa.jpl.magicdraw.projectUsageIntegrity/samples/ProjectUsageIntegrityChecker/P5_uses_P1,P4.mdzip"/>
	<file from="plugins/gov.nasa.jpl.magicdraw.projectUsageIntegrity/samples/ProjectUsageIntegrityChecker/Supplier-Client-Example.mdzip" to="plugins/gov.nasa.jpl.magicdraw.projectUsageIntegrity/samples/ProjectUsageIntegrityChecker/Supplier-Client-Example.mdzip"/>	
	<file from="plugins/gov.nasa.jpl.magicdraw.projectUsageIntegrity/samples/ProjectUsageIntegrityChecker/Use_P1_P3_with_P2.mdzip" to="plugins/gov.nasa.jpl.magicdraw.projectUsageIntegrity/samples/ProjectUsageIntegrityChecker/Use_P1_P3_with_P2.mdzip"/>	
	<file from="plugins/gov.nasa.jpl.magicdraw.projectUsageIntegrity/samples/ProjectUsageIntegrityChecker/Use_P1_P3.mdzip" to="plugins/gov.nasa.jpl.magicdraw.projectUsageIntegrity/samples/ProjectUsageIntegrityChecker/Use_P1_P3.mdzip"/>	

  </installation>
</resourceDescriptor>
